Yıl,Ay,Gün,Tatil Adı
2021,1,1,New Year's Day
2021,4,23,National Sovereignty and Children's Day
2021,5,1,Labour Day
2021,5,19,"Commemoration of Ataturk, Youth and Sports Day"
2021,7,15,Democracy and National Unity Day
2021,8,30,Victory Day
2021,10,29,Republic Day
2021,5,13,Ramadan Feast* (*estimated)
2021,5,14,Ramadan Feast Holiday* (*estimated)
2021,5,15,Ramadan Feast Holiday* (*estimated)
2021,7,20,Sacrifice Feast* (*estimated)
2021,7,21,Sacrifice Feast Holiday* (*estimated)
2021,7,22,Sacrifice Feast Holiday* (*estimated)
2021,7,23,Sacrifice Feast Holiday* (*estimated)
2022,1,1,New Year's Day
2022,4,23,National Sovereignty and Children's Day
2022,5,1,Labour Day
2022,5,19,"Commemoration of Ataturk, Youth and Sports Day"
2022,7,15,Democracy and National Unity Day
2022,8,30,Victory Day
2022,10,29,Republic Day
2022,5,2,Ramadan Feast* (*estimated)
2022,5,3,Ramadan Feast Holiday* (*estimated)
2022,5,4,Ramadan Feast Holiday* (*estimated)
2022,7,9,Sacrifice Feast* (*estimated)
2022,7,10,Sacrifice Feast Holiday* (*estimated)
2022,7,11,Sacrifice Feast Holiday* (*estimated)
2022,7,12,Sacrifice Feast Holiday* (*estimated)
2023,1,1,New Year's Day
2023,4,23,National Sovereignty and Children's Day; Ramadan Feast Holiday* (*estimated)
2023,5,1,Labour Day
2023,5,19,"Commemoration of Ataturk, Youth and Sports Day"
2023,7,15,Democracy and National Unity Day
2023,8,30,Victory Day
2023,10,29,Republic Day
2023,4,21,Ramadan Feast* (*estimated)
2023,4,22,Ramadan Feast Holiday* (*estimated)
2023,6,28,Sacrifice Feast* (*estimated)
2023,6,29,Sacrifice Feast Holiday* (*estimated)
2023,6,30,Sacrifice Feast Holiday* (*estimated)
2023,7,1,Sacrifice Feast Holiday* (*estimated)
2024,1,1,New Year's Day
2024,4,23,National Sovereignty and Children's Day
2024,5,1,Labour Day
2024,5,19,"Commemoration of Ataturk, Youth and Sports Day"
2024,7,15,Democracy and National Unity Day
2024,8,30,Victory Day
2024,10,29,Republic Day
2024,4,10,Ramadan Feast* (*estimated)
2024,4,11,Ramadan Feast Holiday* (*estimated)
2024,4,12,Ramadan Feast Holiday* (*estimated)
2024,6,16,Sacrifice Feast* (*estimated)
2024,6,17,Sacrifice Feast Holiday* (*estimated)
2024,6,18,Sacrifice Feast Holiday* (*estimated)
2024,6,19,Sacrifice Feast Holiday* (*estimated)
